[
  {
    "model": "library.author",
    "pk": 1,
    "fields": {
      "first_name": "Jane",
      "last_name": "Austen",
      "full_name": "Jane Austen",
      "slug": "jane-austen"
    }
  },
  {
    "model": "library.author",
    "pk": 2,
    "fields": {
      "first_name": "Leo",
      "last_name": "Tolstoy",
      "full_name": "Leo Tolstoy",
      "slug": "leo-tolstoy"
    }
  },
  {
    "model": "library.author",
    "pk": 3,
    "fields": {
      "first_name": "Emily",
      "last_name": "Brontë",
      "full_name": "Emily Brontë",
      "slug": "emily-bronte"
    }
  },
  {
    "model": "library.author",
    "pk": 4,
    "fields": {
      "first_name": "Charles",
      "last_name": "Dickens",
      "full_name": "Charles Dickens",
      "slug": "charles-dickens"
    }
  },
  {
    "model": "library.author",
    "pk": 5,
    "fields": {
      "first_name": "Gabriel",
      "last_name": "García Márquez",
      "full_name": "Gabriel García Márquez",
      "slug": "gabriel-garcia-marquez"
    }
  },
  {
    "model": "library.author",
    "pk": 6,
    "fields": {
      "first_name": "Harper",
      "last_name": "Lee",
      "full_name": "Harper Lee",
      "slug": "harper-lee"
    }
  },
  {
    "model": "library.author",
    "pk": 7,
    "fields": {
      "first_name": "J.R.R.",
      "full_name": "J.R.R. Tolkien",
      "slug": "jrr-tolkien"
    }
  },
  {
    "model": "library.genre",
    "pk": 1,
    "fields": {
      "name": "Romance",
      "slug": "romance"
    }
  },
  {
    "model": "library.genre",
    "pk": 2,
    "fields": {
      "name": "Classic",
      "slug": "classic"
    }
  },
  {
    "model": "library.genre",
    "pk": 3,
    "fields": {
      "name": "Literary Fiction",
      "slug": "literary-fiction"
    }
  },
  {
    "model": "library.genre",
    "pk": 4,
    "fields": {
      "name": "Historical Fiction",
      "slug": "historical-fiction"
    }
  },
  {
    "model": "library.genre",
    "pk": 5,
    "fields": {
      "name": "Magical Realism",
      "slug": "magical-realism"
    }
  },
  {
    "model": "library.genre",
    "pk": 6,
    "fields": {
      "name": "Mystery",
      "slug": "mystery"
    }
  },
  {
    "model": "library.genre",
    "pk": 7,
    "fields": {
      "name": "Fantasy",
      "slug": "fantasy"
    }
  },
  {
    "model": "library.book",
    "pk": 1,
    "fields": {
      "title": "Pride and Prejudice",
      "slug": "pride-and-prejudice",
      "description": "A classic novel by Jane Austen.",
      "year_of_publication": 1813,
      "authors": [
        1
      ],
      "genre": [
        2
      ]
    }
  },
  {
    "model": "library.book",
    "pk": 2,
    "fields": {
      "title": "War and Peace",
      "slug": "war-and-peace",
      "description": "A historical novel by Leo Tolstoy.",
      "year_of_publication": 1869,
      "authors": [
        2
      ],
      "genre": [
        4
      ]
    }
  },
  {
    "model": "library.book",
    "pk": 3,
    "fields": {
      "title": "Wuthering Heights",
      "slug": "wuthering-heights",
      "description": "A novel by Emily Brontë.",
      "year_of_publication": 1847,
      "authors": [
        3
      ],
      "genre": [
        3
      ]
    }
  },
  {
    "model": "library.book",
    "pk": 4,
    "fields": {
      "title": "Great Expectations",
      "slug": "great-expectations",
      "description": "A novel by Charles Dickens.",
      "year_of_publication": 1861,
      "authors": [
        4
      ],
      "genre": [
        2
      ]
    }
  },
  {
    "model": "library.book",
    "pk": 5,
    "fields": {
      "title": "One Hundred Years of Solitude",
      "slug": "one-hundred-years-of-solitude",
      "description": "A magical realist novel by Gabriel García Márquez.",
      "year_of_publication": 1967,
      "authors": [
        5
      ],
      "genre": [
        5
      ]
    }
  },
  {
    "model": "library.book",
    "pk": 6,
    "fields": {
      "title": "To Kill a Mockingbird",
      "slug": "to-kill-a-mockingbird",
      "description": "A novel by Harper Lee.",
      "year_of_publication": 1960,
      "authors": [
        6, 5
      ],
      "genre": [
        3, 2
      ]
    }
  },
  {
    "model": "library.book",
    "pk": 7,
    "fields": {
      "title": "The Lord of the Rings",
      "slug": "the-lord-of-the-rings",
      "description": "A fantasy novel by J.R.R. Tolkien.",
      "year_of_publication": 1954,
      "authors": [
        7, 6, 1
      ],
      "genre": [
        7, 6, 1, 2, 3, 4
      ]
    }
  },
  {
    "model": "library.book",
    "pk": 8,
    "fields": {
      "title": "Sense and Sensibility",
      "slug": "sense-and-sensibility",
      "description": "A novel by Jane Austen.",
      "year_of_publication": 1811,
      "authors": [
        1
      ],
      "genre": [
        2
      ]
    }
  },
  {
    "model": "library.book",
    "pk": 9,
    "fields": {
      "title": "Anna Karenina",
      "slug": "anna-karenina",
      "description": "A novel by Leo Tolstoy.",
      "year_of_publication": 1877,
      "authors": [
        2, 3
      ],
      "genre": [
        2, 4 , 5
      ]
    }
  },
  {
    "model": "library.book",
    "pk": 10,
    "fields": {
      "title": "Jane Eyre",
      "slug": "jane-eyre",
      "description": "A novel by Charlotte Brontë.",
      "year_of_publication": 1847,
      "authors": [
        7
      ],
      "genre": [
        3
      ]
    }
  },
  {
    "model": "library.book",
    "pk": 11,
    "fields": {
      "title": "Oliver Twist",
      "slug": "oliver-twist",
      "description": "A novel by Charles Dickens.",
      "year_of_publication": 1837,
      "authors": [
        4
      ],
      "genre": [
        4
      ]
    }
  },
  {
    "model": "library.book",
    "pk": 12,
    "fields": {
      "title": "Love in the Time of Cholera",
      "slug": "love-in-the-time-of-cholera",
      "description": "A novel by Gabriel García Márquez.",
      "year_of_publication": 0,
      "authors": [
        5
      ],
      "genre": [
        1, 5, 6
      ]
    }
  },
  {
    "model": "library.book",
    "pk": 13,
    "fields": {
      "title": "Go Set a Watchman",
      "slug": "go-set-a-watchman",
      "description": "A novel by Harper Lee.",
      "year_of_publication": 2015,
      "authors": [
        6, 1, 3
      ],
      "genre": [
        2
      ]
    }
  },
  {
    "model": "library.book",
    "pk": 14,
    "fields": {
      "title": "The Hobbit",
      "slug": "the-hobbit",
      "description": "A fantasy novel by J.R.R. Tolkien.",
      "year_of_publication": 1937,
      "authors": [
        7
      ],
      "genre": [
        7
      ]
    }
  },
  {
    "model": "library.book",
    "pk": 15,
    "fields": {
      "title": "Persuasion",
      "slug": "persuasion",
      "description": "A novel by Jane Austen.",
      "year_of_publication": -200,
      "authors": [
        1
      ],
      "genre": [
        2
      ]
    }
  },
  {
    "model": "library.book",
    "pk": 16,
    "fields": {
      "title": "The Death of Ivan Ilyich",
      "slug": "the-death-of-ivan-ilyich",
      "description": "A novella by Leo Tolstoy.",
      "year_of_publication": -200,
      "authors": [
        2
      ],
      "genre": [
        3
      ]
    }
  },
  {
    "model": "library.book",
    "pk": 17,
    "fields": {
      "title": "Jane Eyre",
      "slug": "jane-eyre-2",
      "description": "A novel by Charlotte Brontë.",
      "year_of_publication": 1847,
      "authors": [
        8
      ],
      "genre": [
        3
      ]
    }
  },
  {
    "model": "library.book",
    "pk": 18,
    "fields": {
      "title": "A Tale of Two Cities",
      "slug": "a-tale-of-two-cities",
      "description": "A novel by Charles Dickens.",
      "year_of_publication": -2,
      "authors": [
        4
      ],
      "genre": [
        2
      ]
    }
  },
  {
    "model": "library.book",
    "pk": 19,
    "fields": {
      "title": "One Hundred Years of Solitude",
      "slug": "one-hundred-years-of-solitude-2",
      "description": "A magical realist novel by Gabriel García Márquez.",
      "year_of_publication": 0,
      "authors": [
        5
      ],
      "genre": [
        5
      ]
    }
  },
  {
    "model": "library.book",
    "pk": 20,
    "fields": {
      "title": "Go Set a Watchman",
      "slug": "go-set-a-watchman-2",
      "description": "A novel by Harper Lee.",
      "year_of_publication": 2015,
      "authors": [
        6
      ],
      "genre": [
        2
      ]
    }
  },
  {
    "model": "library.book",
    "pk": 21,
    "fields": {
      "title": "The Fellowship of the Ring",
      "slug": "the-fellowship-of-the-ring",
      "description": "A fantasy novel by J.R.R. Tolkien.",
      "year_of_publication": 1954,
      "authors": [
        7, 1
      ],
      "genre": [
        7, 2
      ]
    }
  },
  {
    "model": "library.book",
    "pk": 22,
    "fields": {
      "title": "Emma",
      "slug": "emma",
      "description": "A novel by Jane Austen.",
      "year_of_publication": 1815,
      "authors": [
        1
      ],
      "genre": [
        2
      ]
    }
  },
  {
    "model": "library.book",
    "pk": 23,
    "fields": {
      "title": "The Brothers Karamazov",
      "slug": "the-brothers-karamazov",
      "description": "A novel by Fyodor Dostoevsky.",
      "year_of_publication": 1880,
      "authors": [
        3
      ],
      "genre": [
        2
      ]
    }
  },
  {
    "model": "library.book",
    "pk": 24,
    "fields": {
      "title": "Crime and Punishment",
      "slug": "crime-and-punishment",
      "description": "A novel by Fyodor Dostoevsky.",
      "year_of_publication": 1866,
      "authors": [
        7
      ],
      "genre": [
        2
      ]
    }
  },
  {
    "model": "library.book",
    "pk": 28,
    "fields": {
      "title": "Northanger Abbey",
      "slug": "northanger-abbey",
      "description": "A novel by Jane Austen.",
      "year_of_publication": 1817,
      "authors": [
        1
      ],
      "genre": [
        2
      ]
    }
  },
  {
    "model": "library.book",
    "pk": 29,
    "fields": {
      "title": "The Trial",
      "slug": "the-trial",
      "description": "A novel by Franz Kafka.",
      "year_of_publication": 1925,
      "authors": [
        6
      ],
      "genre": [
        6
      ]
    }
  },
  {
    "model": "library.book",
    "pk": 30,
    "fields": {
      "title": "The Metamorphosis",
      "slug": "the-metamorphosis",
      "description": "A novella by Franz Kafka.",
      "year_of_publication": 1915,
      "authors": [
        6
      ],
      "genre": [
        6
      ]
    }
  }
]

