[
  {
    "model": "library.author",
    "pk": 1,
    "fields": {
      "first_name": "Jane",
      "last_name": "Austen",
      "slug": "jane-austen",
      "full_name": "Jane Austen"
    }
  },
  {
    "model": "library.author",
    "pk": 2,
    "fields": {
      "first_name": "Leo",
      "last_name": "Tolstoy",
      "slug": "leo-tolstoy",
      "full_name": "Leo Tolstoy"
    }
  },
  {
    "model": "library.author",
    "pk": 3,
    "fields": {
      "first_name": "Emily",
      "last_name": "Bront\u00eb",
      "slug": "emily-bronte",
      "full_name": "Emily Bront\u00eb"
    }
  },
  {
    "model": "library.author",
    "pk": 4,
    "fields": {
      "first_name": "Charles",
      "last_name": "Dickens",
      "slug": "charles-dickens",
      "full_name": "Charles Dickens"
    }
  },
  {
    "model": "library.author",
    "pk": 5,
    "fields": {
      "first_name": "Gabriel",
      "last_name": "Garc\u00eda M\u00e1rquez",
      "slug": "gabriel-garcia-marquez",
      "full_name": "Gabriel Garc\u00eda M\u00e1rquez"
    }
  },
  {
    "model": "library.author",
    "pk": 6,
    "fields": {
      "first_name": "Harper",
      "last_name": "Lee",
      "slug": "harper-lee",
      "full_name": "Harper Lee"
    }
  },
  {
    "model": "library.author",
    "pk": 7,
    "fields": {
      "first_name": "J.R.R.",
      "last_name": "Tolkien",
      "slug": "jrr-tolkien",
      "full_name": "J.R.R. Tolkien"
    }
  },
  {
    "model": "library.genre",
    "pk": 1,
    "fields": {
      "name": "Romance",
      "slug": "romance"
    }
  },
  {
    "model": "library.genre",
    "pk": 2,
    "fields": {
      "name": "Classic",
      "slug": "classic"
    }
  },
  {
    "model": "library.genre",
    "pk": 3,
    "fields": {
      "name": "Literary Fiction",
      "slug": "literary-fiction"
    }
  },
  {
    "model": "library.genre",
    "pk": 4,
    "fields": {
      "name": "Historical Fiction",
      "slug": "historical-fiction"
    }
  },
  {
    "model": "library.genre",
    "pk": 5,
    "fields": {
      "name": "Magical Realism",
      "slug": "magical-realism"
    }
  },
  {
    "model": "library.genre",
    "pk": 6,
    "fields": {
      "name": "Mystery",
      "slug": "mystery"
    }
  },
  {
    "model": "library.genre",
    "pk": 7,
    "fields": {
      "name": "Fantasy",
      "slug": "fantasy"
    }
  },
  {
    "model": "library.book",
    "pk": 1,
    "fields": {
      "title": "Pride and Prejudice",
      "description": "A classic novel by Jane Austen.",
      "year_of_publication": 1813,
      "authors": [
        1
      ],
      "genre": [
        2
      ],
      "slug": "pride-and-prejudice"
    }
  },
  {
    "model": "library.book",
    "pk": 2,
    "fields": {
      "title": "War and Peace",
      "description": "A historical novel by Leo Tolstoy.",
      "year_of_publication": 1869,
      "authors": [
        2
      ],
      "genre": [
        4
      ],
      "slug": "war-and-peace"
    }
  },
  {
    "model": "library.book",
    "pk": 3,
    "fields": {
      "title": "Wuthering Heights",
      "description": "A novel by Emily Bront\u00eb.",
      "year_of_publication": 1847,
      "authors": [
        3
      ],
      "genre": [
        3
      ],
      "slug": "wuthering-heights"
    }
  },
  {
    "model": "library.book",
    "pk": 4,
    "fields": {
      "title": "Great Expectations",
      "description": "A novel by Charles Dickens.",
      "year_of_publication": 1861,
      "authors": [
        4
      ],
      "genre": [
        2
      ],
      "slug": "great-expectations"
    }
  },
  {
    "model": "library.book",
    "pk": 6,
    "fields": {
      "title": "To Kill a Mockingbird",
      "description": "A novel by Harper Lee.",
      "year_of_publication": 1960,
      "authors": [
        6,
        5
      ],
      "genre": [
        3,
        2
      ],
      "slug": "to-kill-a-mockingbird"
    }
  },
  {
    "model": "library.book",
    "pk": 7,
    "fields": {
      "title": "The Lord of the Rings",
      "year_of_publication": 1954,
      "authors": [
        1,
        6,
        7
      ],
      "genre": [
        1,
        2,
        4,
        5,
        6,
        7
      ],
      "slug": "the-lord-of-the-rings"
    }
  },
  {
    "model": "library.book",
    "pk": 8,
    "fields": {
      "title": "Sense and Sensibility",
      "description": "A novel by Jane Austen.",
      "year_of_publication": 1811,
      "authors": [
        1
      ],
      "genre": [
        2
      ],
      "slug": "sense-and-sensibility"
    }
  },
  {
    "model": "library.book",
    "pk": 9,
    "fields": {
      "title": "Anna Karenina",
      "description": "A novel by Leo Tolstoy.",
      "year_of_publication": 1877,
      "authors": [
        2,
        3
      ],
      "genre": [
        2,
        4,
        5
      ],
      "slug": "anna-karenina"
    }
  },
  {
    "model": "library.book",
    "pk": 11,
    "fields": {
      "title": "Oliver Twist",
      "description": "A novel by Charles Dickens.",
      "year_of_publication": 1837,
      "authors": [
        4
      ],
      "genre": [
        4
      ],
      "slug": "oliver-twist"
    }
  },
  {
    "model": "library.book",
    "pk": 12,
    "fields": {
      "title": "Love in the Time of Cholera",
      "year_of_publication": 0,
      "authors": [
        5
      ],
      "genre": [
        1,
        5,
        6
      ],
      "slug": "love-in-the-time-of-cholera"
    }
  },
  {
    "model": "library.book",
    "pk": 13,
    "fields": {
      "title": "Go Set a Watchman",
      "description": "A novel by Harper Lee.",
      "year_of_publication": 2015,
      "authors": [
        1,
        3,
        6
      ],
      "genre": [
        2
      ],
      "slug": "go-set-a-watchman"
    }
  },
  {
    "model": "library.book",
    "pk": 14,
    "fields": {
      "title": "The Hobbit",
      "description": "A fantasy novel by J.R.R. Tolkien.",
      "year_of_publication": 1937,
      "authors": [
        7
      ],
      "genre": [
        7
      ],
      "slug": "the-hobbit"
    }
  },
  {
    "model": "library.book",
    "pk": 15,
    "fields": {
      "title": "Persuasion",
      "description": "A novel by Jane Austen.",
      "year_of_publication": -200,
      "authors": [
        1
      ],
      "genre": [
        2
      ],
      "slug": "persuasion"
    }
  },
  {
    "model": "library.book",
    "pk": 16,
    "fields": {
      "title": "The Death of Ivan Ilyich",
      "description": "A novella by Leo Tolstoy.",
      "year_of_publication": -200,
      "authors": [
        2
      ],
      "genre": [
        3
      ],
      "slug": "the-death-of-ivan-ilyich"
    }
  },
  {
    "model": "library.book",
    "pk": 17,
    "fields": {
      "title": "Jane Eyre",
      "description": "A novel by Charlotte Brontë.",
      "year_of_publication": 1847,
      "authors": [
        7
      ],
      "genre": [
        3
      ],
      "slug": "jane-eyre"
    }
  },
  {
    "model": "library.book",
    "pk": 18,
    "fields": {
      "title": "A Tale of Two Cities",
      "description": "A novel by Charles Dickens.",
      "year_of_publication": -2,
      "authors": [
        4
      ],
      "genre": [
        2
      ],
      "slug": "a-tale-of-two-cities"
    }
  },
  {
    "model": "library.book",
    "pk": 19,
    "fields": {
      "title": "One Hundred Years of Solitude",
      "description": "A magical realist novel by Gabriel García Márquez.",
      "year_of_publication": 0,
      "authors": [
        5
      ],
      "genre": [
        5
      ],
      "slug": "one-hundred-years-of-solitude"
    }
  },
  {
    "model": "library.book",
    "pk": 21,
    "fields": {
      "title": "The Fellowship of the Ring",
      "description": "A fantasy novel by J.R.R. Tolkien.",
      "year_of_publication": 1954,
      "authors": [
        7,
        1
      ],
      "genre": [
        7,
        2
      ],
      "slug": "the-fellowship-of-the-ring"
    }
  },
  {
    "model": "library.book",
    "pk": 22,
    "fields": {
      "title": "Emma",
      "slug": "emma",
      "description": "A novel by Jane Austen.",
      "year_of_publication": 1815,
      "authors": [
        1
      ],
      "genre": [
        2
      ]
    }
  },
  {
    "model": "library.book",
    "pk": 23,
    "fields": {
      "title": "The Brothers Karamazov",
      "description": "A novel by Fyodor Dostoevsky.",
      "year_of_publication": 1880,
      "authors": [
        3
      ],
      "genre": [
        2,
        1
      ],
      "slug": "the-brothers-karamazov"
    }
  },
  {
    "model": "library.book",
    "pk": 24,
    "fields": {
      "title": "Crime and Punishment",
      "description": "A novel by Fyodor Dostoevsky.",
      "year_of_publication": 1866,
      "authors": [
        7
      ],
      "genre": [
        2
      ],
      "slug": "crime-and-punishment"
    }
  },
  {
    "model": "library.book",
    "pk": 25,
    "fields": {
      "title": "Northanger Abbey",
      "description": "A novel by Jane Austen.",
      "year_of_publication": 1817,
      "authors": [
        1
      ],
      "genre": [
        2
      ],
      "slug": "northanger-abbey"
    }
  },
  {
    "model": "library.book",
    "pk": 26,
    "fields": {
      "title": "The Trial",
      "description": "A novel by Franz Kafka.",
      "year_of_publication": 1925,
      "authors": [
        6
      ],
      "genre": [
        6
      ],
      "slug": "the-trial"
    }
  },
  {
    "model": "library.book",
    "pk": 27,
    "fields": {
      "title": "The Metamorphosis",
      "year_of_publication": 1915,
      "authors": [
        6
      ],
      "genre": [
        6
      ],
      "slug": "the-metamorphosis"
    }
  },
  {
    "model": "library.userbookinstance",
    "pk": 1,
    "fields": {
      "user": 1,
      "book": 2,
      "is_read": true
    }
  },
  {
    "model": "library.userbookinstance",
    "pk": 2,
    "fields": {
      "user": 1,
      "book": 4,
      "is_read": false
    }
  },
  {
    "model": "library.userbookinstance",
    "pk": 3,
    "fields": {
      "user": 1,
      "book": 6,
      "is_read": false
    }
  },
  {
    "model": "library.userbookinstance",
    "pk": 4,
    "fields": {
      "user": 1,
      "book": 11,
      "is_read": true
    }
  },
  {
    "model": "library.userbookinstance",
    "pk": 5,
    "fields": {
      "user": 1,
      "book": 15,
      "is_read": true
    }
  },
  {
    "model": "library.userbookinstance",
    "pk": 6,
    "fields": {
      "user": 1,
      "book": 14,
      "is_read": false
    }
  },
  {
    "model": "library.userbookinstance",
    "pk": 8,
    "fields": {
      "user": 1,
      "book": 12,
      "is_read": true
    }
  },
  {
    "model": "library.userbookinstance",
    "pk": 11,
    "fields": {
      "user": 1,
      "book": 25,
      "is_read": false
    }
  },
  {
    "model": "library.userbookinstance",
    "pk": 12,
    "fields": {
      "user": 1,
      "book": 21,
      "is_read": true
    }
  },
  {
    "model": "library.userbookinstance",
    "pk": 13,
    "fields": {
      "user": 1,
      "book": 1,
      "is_read": false
    }
  },
  {
    "model": "library.userbookinstance",
    "pk": 15,
    "fields": {
      "user": 1,
      "book": 24,
      "is_read": true
    }
  }
]